key,Name,ra,dec,rhalf,rhalf_error,position_angle,position_angle_error,ellipticity,ellipticity_error,ref_structure,dm,dm_error,dist,dist_error,ref_distance,rhalf_physical,rhalf_sph_physical,MV,MV_error,ref_mv,vlos_systemic,vlos_systemic_error,vlos_sigma,vlos_sigma_error,vlos_sigma_upper_limit,ref_spectra,,dr3_pmra,dr3_pmra_error,dr3_pmdec,dr3_pmdec_error,ref_dr3_proper_motion,dr2_pmra,dr2_pmra_error,dr2_pmdec,dr2_pmdec_error,ref_dr2_proper_motion,metallicity,metallicity_error,ref_metallicity,rcore,rcore_error,rking,rking_error,king_concentration,king_concentration_error,ref_king,age,age_error,ref_age,other_names
2ms_gc01,,272.090875,-19.82972222,1.65,,,,,,,12.7815125,,3.6,,,1.727875959,1.727875959,-6.11,,,,,,,,,,,,,,,,,,,,,,,,,,,,,,,,,
2ms_gc02,,272.4020833,-20.77888889,0.55,,,,,,,13.4509804,,4.9,,,0.7839437224,0.7839437224,-4.86,,,-238,36,,,,,,,,,,,,,,,,-1.08,,,,,,,,,,,,,
am_1,AM_1,58.75958333,-49.61527778,0.41,,,,,,,20.45481538,,123.3,,,14.70527161,14.70527161,-4.73,,,116,20,,,,,,,,,,,,,,,,-1.7,,,,,,,,,,,,,
am_4,AM_4,209.0904167,-27.1675,0.43,,,,,,,17.53927936,,32.2,,,4.027638137,4.027638137,-1.81,,,,,,,,,,,,,,,,,,,,-1.3,,,,,,,,,,,,,
arp_2,Arp_2,292.1837917,-30.35563889,1.77,,,,,,,17.28183017,,28.6,,,14.7253429,14.7253429,-5.29,,,115,10,,,,,,,,,,,,,,,,-1.75,,,,,,,,,,,,,
bh_176,BH_176,234.7810417,-50.05272222,0.9,,,,,,,16.38230902,,18.9,,,4.948008429,4.948008429,-4.06,,,,,,,,,,,,,,,,,,,,0,,,,,,,,,,,,,
bh_261,BH_261_AL_3,273.5275,-28.635,0.55,,,,,,,14.06456678,,6.5,,,1.039925346,1.039925346,-4.19,,,,,,,,,,,,,,,,,,,,-1.3,,,,,,,,,,,,,
djorgovski_1,Djorg_1,266.8679167,-33.06555556,1.59,,,,,,,15.68360284,,13.7,,,6.336417849,6.336417849,-6.98,,,-362.4,3.6,,,,,,,,,,,,,,,,-1.51,,,,,,,,,,,,,
djorgovski_2,Djorg_2_ESO456,270.4545833,-27.82583333,1.05,,,,,,,13.99670275,,6.3,,,1.9242255,1.9242255,-7,,,,,,,,,,,,,,,,,,,,-0.65,,,,,,,,,,,,,ESO 456-SC3
e_3,E_3,140.2377917,-77.28188889,2.1,,,,,,,14.54242509,,8.1,,,4.948008429,4.948008429,-4.12,,,,,,,,,,,,,,,,,,,,-0.83,,,,,,,,,,,,,
eridanus_1,Eridanus,66.18541667,-21.18694444,0.46,,,,,,,19.77362395,,90.1,,,12.0561527,12.0561527,-5.13,,,-23.6,2.1,,,,,,,,,,,,,,,,-1.43,,,,,,,,,,,,,
eso_280_sc06,ESO280_SC06,272.275,-46.42305556,1.05,,,,,,,16.8,0.2,22.9,2.1,Simpson2018MNRAS.477.4565S,6.994406977,6.994406977,-4.87,,,92.5,2,,,,Simpson2018MNRAS.477.4565S,,,,,,,,,,,,-2.48,0.085,Simpson2018MNRAS.477.4565S,,,,,,,,,,,
eso_452_sc11,ESO452_SC11,249.8560417,-28.39869444,0.5,,,,,,,14.59539046,,8.3,,,1.207186066,1.207186066,-4.02,,,,,,,,,,,,,,,,,,,,-1.5,,,,,,,,,,,,,
fsr_1735,FSR_1735,253.0441667,-47.05805556,0.34,,,,,,,14.95613038,,9.8,,,0.9692395113,0.9692395113,-6.45,,,,,,,,,,,,,,,,,,,,,,,,,,,,,,,,,
glimpse_01,,282.2070833,-1.497222222,0.65,,,,,,,13.11624645,,4.2,,,0.7941248097,0.7941248097,-5.91,,,,,,,,,,,,,,,,,,,,,,,,,,,,,,,,,
glimpse_02,,274.6270833,-16.97722222,,,,,,,,13.70181345,,5.5,,,0,0,-38.05,,,,,,,,,,,,,,,,,,,,-0.33,,,,,,,,,,,,,
hp_1,HP_1_BH_229,262.7716667,-29.98166667,3.1,,,,,,,14.56906926,,8.2,,,7.394378264,7.394378264,-6.46,,,45.8,0.7,,,,,,,,,,,,,,,,-1,,,,,,,,,,,,,
ic_1257,IC_1257,261.7854167,-7.093055556,1.4,,,,,,,16.98970004,,25,,,10.1810873,10.1810873,-6.15,,,-140.2,2.1,,,,,,,,,,,,,,,,-1.7,,,,,,,,,,,,,
ic_1276,IC_1276_Pal_7,272.6841667,-7.207611111,2.38,,,,,,,13.6619688,,5.4,,,3.738495258,3.738495258,-6.67,,,155.7,1.3,,,,,,,,,,,,,,,,-0.75,,,,,,,,,,,,,
ic_4499,IC_4499,225.076875,-82.21369444,1.71,,,,,,,16.37078925,,18.8,,,9.351474132,9.351474132,-7.32,,,31.5,0.2,2.5,0.5,,,,,,,,,,,,,,-1.53,,,,,,,,,,,,,
ko_1,Ko_1,179.8270833,12.26,0.26,,,,,,,18.41973565,,48.3,,,3.652974124,3.652974124,-1.35,,,,,,,,,,,,,,,,,,,,,,,,,,,,,,,,,
ko_2,Ko_2,119.5708333,26.255,0.21,,,,,,,17.70164737,,34.7,,,2.119702377,2.119702377,-0.35,,,,,,,,,,,,,,,,,,,,,,,,,,,,,,,,,
liller_1,Liller_1,263.3520833,-33.389,,,,,,,,14.56906926,,8.2,,,0,0,-7.32,,,52,15,,,,,,,,,,,,,,,,-0.33,,,,,,,,,,,,,
lynga_7,Lynga_7_BH184,242.7652083,-55.31777778,1.2,,,,,,,14.51544993,,8,,,2.792526803,2.792526803,-6.6,,,8,5,,,,,,,,,,,,,,,,-1.01,,,,,,,,,,,,,
ngc_104,NGC_104_47Tuc,6.023625,-72.08127778,3.17,,,,,,,13.26606257,,4.5,,,4.149520297,4.149520297,-9.42,,,-18,0.1,11,0.3,,,,,,,,,,,,,,-0.72,,,,,,,,,,,,,
ngc_1261,NGC_1261,48.06754167,-55.21622222,0.68,,,,,,,16.06093802,,16.3,,,3.224204905,3.224204905,-7.8,,,68.2,4.6,,,,,,,,,,,,,,,,-1.27,,,,,,,,,,,,,
ngc_1851,NGC_1851,78.52816667,-40.04655556,0.51,,,,,,,15.41392685,,12.1,,,1.795071136,1.795071136,-8.33,,,320.5,0.6,10.4,0.5,,,,,,,,2.12,0.054,-0.589,0.054,Vasiliev2019MNRAS.484.2832V,,-1.18,,,,,,,,,,,,,
ngc_1904,NGC_1904_M_79,81.04620833,-24.52472222,0.65,,,,,,,15.55294855,,12.9,,,2.43909763,2.43909763,-7.86,,,205.8,0.4,5.3,0.4,,,,,,,,,,,,,,-1.6,,,,,,,,,,,,,
ngc_2298,NGC_2298,102.2475417,-36.00530556,0.98,,,,,,,15.16711878,,10.8,,,3.078760801,3.078760801,-6.31,,,148.9,1.2,,,,,,,,,,,,,,,,-1.92,,,,,,,,,,,,,
ngc_2419,NGC_2419,114.5352917,38.88244444,0.89,,,,,,,19.58490024,,82.6,,,21.38435577,21.38435577,-9.42,,,-20.2,0.5,4,0.6,,,,,,,,,,,,,,-2.15,,,,,,,,,,,,,
ngc_2808,NGC_2808,138.0129167,-64.8635,0.8,,,,,,,14.91135617,,9.6,,,2.234021443,2.234021443,-9.39,,,101.6,0.7,13.4,1.2,,,,,,,,,,,,,,-1.14,,,,,,,,,,,,,
ngc_288,NGC_288,13.1885,-26.58261111,2.23,,,,,,,14.74695003,,8.9,,,5.773258277,5.773258277,-6.75,,,-45.4,0.2,2.9,0.3,,,,,,,,,,,,,,-1.32,,,,,,,,,,,,,
ngc_3201,NGC_3201,154.4034167,-46.41247222,3.1,,,,,,,13.4509804,,4.9,,,4.41859189,4.41859189,-7.45,,,494,0.2,5,0.2,,,,,,,,,,,,,,-1.59,,,,,,,,,,,,,
ngc_362,NGC_362,15.80941667,-70.84877778,0.82,,,,,,,14.67249226,,8.6,,,2.051343648,2.051343648,-8.43,,,223.5,0.5,6.4,0.3,,,,,,,,,,,,,,-1.26,,,,,,,,,,,,,
ngc_4147,NGC_4147,182.52625,18.54263889,0.48,,,,,,,16.42778655,,19.3,,,2.694788365,2.694788365,-6.17,,,183.2,0.7,2.6,0.7,,,,,,,,,,,,,,-1.8,,,,,,,,,,,,,
ngc_4372,NGC_4372,186.4391667,-72.659,3.91,,,,,,,13.81713997,,5.8,,,6.596762796,6.596762796,-7.79,,,72.3,1.2,,,,,,,,,,,,,,,,-2.17,,,,,,,,,,,,,
ngc_4590,NGC_4590_M_68,189.8665833,-26.74405556,1.51,,,,,,,15.06418612,,10.3,,,4.524184309,4.524184309,-7.37,,,-94.7,0.2,2.5,0.4,,,,,,,,,,,,,,-2.23,,,,,,,,,,,,,
ngc_4833,NGC_4833,194.8913333,-70.8765,2.41,,,,,,,14.09771968,,6.6,,,4.626867847,4.626867847,-8.17,,,200.2,1.2,,,,,,,,,,,,,,,,-1.85,,,,,,,,,,,,,
ngc_5024,NGC_5024_M_53,198.2302083,18.16816667,1.31,,,,,,,16.26426515,,17.9,,,6.821037605,6.821037605,-8.71,,,-62.9,0.3,4.4,0.9,,,,,,,,,,,,,,-2.1,,,,,,,,,,,,,
ngc_5053,NGC_5053,199.112875,17.70025,2.61,,,,,,,16.20274624,,17.4,,,13.21039711,13.21039711,-6.76,,,44,0.4,1.4,0.2,,,,,,,,,,,,,,-2.27,,,,,,,,,,,,,
ngc_5139,NGC_5139_oCen,201.6968333,-47.47958333,5,,,,,,,13.58001672,,5.2,,,7.563093425,7.563093425,-10.26,,,232.1,0.1,16.8,0.3,,,,,,,,,,,,,,-1.53,,,,,,,,,,,,,
ngc_5272,NGC_5272_M_3,205.5484167,28.37727778,2.31,,,,,,,15.04300086,,10.2,,,6.853907973,6.853907973,-8.88,,,-147.6,0.2,5.5,0.3,,,,,,,,,,,,,,-1.5,,,,,,,,,,,,,
ngc_5286,NGC_5286,206.6117083,-51.37425,0.73,,,,,,,15.34092931,,11.7,,,2.48447619,2.48447619,-8.74,,,57.4,1.5,8.1,1,,,,,,,,,,,,,,-1.69,,,,,,,,,,,,,
ngc_5466,NGC_5466,211.3637083,28.53444444,2.3,,,,,,,16.02059991,,16,,,10.70468608,10.70468608,-6.98,,,110.7,0.2,1.7,0.2,,,,,,,,,,,,,,-1.98,,,,,,,,,,,,,
ngc_5634,NGC_5634,217.405125,-5.976416667,0.86,,,,,,,17.0070027,,25.2,,,6.304129258,6.304129258,-7.69,,,-45.1,6.6,,,,,,,,,,,,,,,,-1.88,,,,,,,,,,,,,
ngc_5694,NGC_5694,219.9012083,-26.53894444,0.4,,,,,,,17.72034022,,35,,,4.072434921,4.072434921,-7.83,,,-140.3,0.8,5.8,0.8,,,,,,,,,,,,,,-1.98,,,,,,,,,,,,,
ngc_5824,NGC_5897,225.9942917,-33.06822222,0.45,,,,,,,17.53252516,,32.1,,,4.201880174,4.201880174,-8.85,,,-27.5,1.5,11.6,0.5,,,,,,,,,,,,,,-1.91,,,,,,,,,,,,,
ngc_5897,NGC_5897,229.3520833,-21.01027778,2.06,,,,,,,15.48455007,,12.5,,,7.490371373,7.490371373,-7.23,,,101.5,1,,,,,,,,,,,,,,,,-1.9,,,,,,,,,,,,,
ngc_5904,NGC_5904_M_5,229.6384167,2.081027778,1.77,,,,,,,14.37530632,,7.5,,,3.86154097,3.86154097,-8.81,,,53.2,0.4,5.5,0.4,,,,,,,,,,,,,,-1.29,,,,,,,,,,,,,
ngc_5927,NGC_5927,232.002875,-50.67302778,1.1,,,,,,,14.43245363,,7.7,,,2.463823127,2.463823127,-7.81,,,-107.5,0.9,,,,,,,,,,,,,,,,-0.49,,,,,,,,,,,,,
ngc_5946,NGC_5946,233.8688333,-50.65966667,0.89,,,,,,,15.12652933,,10.6,,,2.744239361,2.744239361,-7.18,,,128.4,1.8,4,2.9,,,,,,,,,,,,,,-1.29,,,,,,,,,,,,,
ngc_5986,NGC_5986,236.5125,-37.78641667,0.98,,,,,,,15.0851667,,10.4,,,2.964732623,2.964732623,-8.44,,,88.9,3.7,,,,,,,,,,,,,,,,-1.59,,,,,,,,,,,,,
ngc_6093,NGC_6093_M_80,244.2600417,-22.97608333,0.61,,,,,,,15,,10,,,1.774418073,1.774418073,-8.23,,,8.1,1.5,12.4,0.6,,,,,,,,,,,,,,-1.75,,,,,,,,,,,,,
ngc_6101,NGC_6101,246.4505,-72.20219444,1.05,,,,,,,15.9376036,,15.4,,,4.703662334,4.703662334,-6.94,,,361.4,1.7,,,,,,,,,,,,,,,,-1.98,,,,,,,,,,,,,
ngc_6121,NGC_6121_M_4,245.89675,-26.52575,4.33,,,,,,,11.7121134,,2.2,,,2.771001076,2.771001076,-7.19,,,70.7,0.2,4,0.2,,,,,,,,,,,,,,-1.16,,,,,,,,,,,,,
ngc_6139,,246.9182083,-38.84875,0.85,,,,,,,15.02160687,,10.1,,,2.497275271,2.497275271,-8.36,,,6.7,6,,,,,,,,,,,,,,,,-1.65,,,,,,,,,,,,,
ngc_6144,NGC_6144,246.80775,-26.0235,1.63,,,,,,,14.74695003,,8.9,,,4.219915243,4.219915243,-6.85,,,193.8,0.6,,,,,,,,,,,,,,,,-1.76,,,,,,,,,,,,,
ngc_6171,NGC_6171_M107,248.13275,-13.05377778,1.73,,,,,,,14.03089987,,6.4,,,3.220714246,3.220714246,-7.12,,,-34.1,0.3,4.1,0.3,,,,,,,,,,,,,,-1.02,,,,,,,,,,,,,
ngc_6205,NGC_6205_M_13,250.4218333,36.45986111,1.69,,,,,,,14.25629174,,7.1,,,3.490367616,3.490367616,-8.55,,,-244.2,0.2,7.1,0.4,,,,,,,,,,,,,,-1.53,,,,,,,,,,,,,
ngc_6218,NGC_6218_M_12,251.8090833,-1.948527778,1.77,,,,,,,13.40620619,,4.8,,,2.471386221,2.471386221,-7.31,,,-41.4,0.2,4.5,0.4,,,,,,,,,,,,,,-1.37,,,,,,,,,,,,,
ngc_6229,NGC_6229,251.7449583,47.52775,0.36,,,,,,,17.4214992,,30.5,,,3.193952531,3.193952531,-8.06,,,-154.2,7.6,,,,,,,,,,,,,,,,-1.47,,,,,,,,,,,,,
ngc_6235,NGC_6235,253.3554583,-22.17744444,1,,,,,,,15.3034892,,11.5,,,3.3452144,3.3452144,-6.29,,,87.3,3.4,,,,,,,,,,,,,,,,-1.28,,,,,,,,,,,,,
ngc_6254,NGC_6254_M_10,254.2877083,-4.100305556,1.95,,,,,,,13.21726338,,4.4,,,2.49582083,2.49582083,-7.48,,,75.2,0.7,6.6,0.8,,,,,,,,,,,,,,-1.56,,,,,,,,,,,,,
ngc_6256,NGC_6256,254.8859167,-37.12138889,0.86,,,,,,,15.06418612,,10.3,,,2.576687752,2.576687752,-7.15,,,-101.4,1.9,6.6,2.6,,,,,,,,,,,,,,-1.02,,,,,,,,,,,,,
ngc_6266,NGC_6266_M_62,255.3033333,-30.11372222,0.92,,,,,,,14.16254456,,6.8,,,1.819796633,1.819796633,-9.18,,,-70.1,1.4,14.3,0.4,,,,,,,,,,,,,,-1.18,,,,,,,,,,,,,
ngc_6273,NGC_6273_M_19,255.6575,-26.26797222,1.32,,,,,,,14.72241336,,8.8,,,3.378957432,3.378957432,-9.13,,,135,4.1,,,,,,,,,,,,,,,,-1.74,,,,,,,,,,,,,
ngc_6284,NGC_6284,256.1187917,-24.76486111,0.66,,,,,,,15.92345715,,15.3,,,2.937389131,2.937389131,-7.96,,,27.5,1.7,6.3,0.9,,,,,,,,,,,,,,-1.26,,,,,,,,,,,,,
ngc_6287,NGC_6287,256.2880417,-22.70836111,0.74,,,,,,,14.86563927,,9.4,,,2.023418379,2.023418379,-7.37,,,-288.7,3.5,,,,,,,,,,,,,,,,-2.1,,,,,,,,,,,,,
ngc_6293,NGC_6293,257.5425,-26.58208333,0.89,,,,,,,14.88861803,,9.5,,,2.459459804,2.459459804,-7.78,,,-146.2,1.7,7.7,1.3,,,,,,,,,,,,,,-1.99,,,,,,,,,,,,,
ngc_6304,NGC_6304,258.634375,-29.46202778,1.42,,,,,,,13.85426006,,5.9,,,2.437061412,2.437061412,-7.3,,,-107.3,3.6,,,,,,,,,,,,,,,,-0.45,,,,,,,,,,,,,
ngc_6316,NGC_6316,259.1554167,-28.14011111,0.65,,,,,,,15.0851667,,10.4,,,1.966404291,1.966404291,-8.34,,,71.4,8.9,,,,,,,,,,,,,,,,-0.45,,,,,,,,,,,,,
ngc_6325,NGC_6325,259.4967083,-23.766,0.63,,,,,,,14.46047301,,7.8,,,1.429424657,1.429424657,-6.96,,,29.8,1.8,5.9,1.3,,,,,,,,,,,,,,-1.25,,,,,,,,,,,,,
ngc_6333,NGC_6333_M_9,259.7969167,-18.51594444,0.96,,,,,,,14.48813546,,7.9,,,2.206096175,2.206096175,-7.95,,,229.1,7,,,,,,,,,,,,,,,,-1.77,,,,,,,,,,,,,
ngc_6341,NGC_6341_M_92,259.2807917,43.13594444,1.02,,,,,,,14.59539046,,8.3,,,2.462659575,2.462659575,-8.21,,,-120,0.1,6,0.4,,,,,,,,,,,,,,-2.31,,,,,,,,,,,,,
ngc_6342,NGC_6342,260.292,-19.58741667,0.73,,,,,,,14.64709463,,8.5,,,1.804961335,1.804961335,-6.42,,,115.7,1.4,5.2,2.1,,,,,,,,,,,,,,-0.55,,,,,,,,,,,,,
ngc_6352,NGC_6352,261.3712917,-48.42216667,2.05,,,,,,,13.74094014,,5.6,,,3.339396635,3.339396635,-6.47,,,-137,1.1,,,,,,,,,,,,,,,,-0.64,,,,,,,,,,,,,
ngc_6355,NGC_6355,260.994125,-26.35341667,0.88,,,,,,,14.81893914,,9.2,,,2.355030937,2.355030937,-8.07,,,-176.9,7.1,,,,,,,,,,,,,,,,-1.37,,,,,,,,,,,,,
ngc_6356,NGC_6356,260.8955417,-17.81302778,0.81,,,,,,,15.89488474,,15.1,,,3.55785368,3.55785368,-8.51,,,27,4.3,,,,,,,,,,,,,,,,-0.4,,,,,,,,,,,,,
ngc_6362,NGC_6362,262.979125,-67.04833333,2.05,,,,,,,14.40406796,,7.6,,,4.532038291,4.532038291,-6.95,,,-13.1,0.6,2.8,0.4,,,,,,,,,,,,,,-0.99,,,,,,,,,,,,,
ngc_6366,NGC_6366,261.9343333,-5.079861111,2.92,,,,,,,12.72034022,,3.5,,,2.972877493,2.972877493,-5.74,,,-122.2,0.5,1.3,0.5,,,,,,,,,,,,,,-0.59,,,,,,,,,,,,,
ngc_6380,NGC_6380_Ton1,263.6166667,-39.06916667,0.74,,,,,,,15.18713249,,10.9,,,2.346304291,2.346304291,-7.5,,,-3.6,2.5,,,,,,,,,,,,,,,,-0.75,,,,,,,,,,,,,
ngc_6388,NGC_6388,264.0717917,-44.7355,0.52,,,,,,,14.97817597,,9.9,,,1.497492498,1.497492498,-9.41,,,80.1,0.8,18.9,0.8,,,,,,,,,,,,,,-0.55,,,,,,,,,,,,,
ngc_6397,NGC_6397,265.175375,-53.67433333,2.9,,,,,,,11.80863918,,2.3,,,1.940224352,1.940224352,-6.64,,,18.8,0.1,4.5,0.2,,,,,,,,,,,,,,-2.02,,,,,,,,,,,,,
ngc_6401,NGC_6401,264.6525,-23.9095,1.91,,,,,,,15.12652933,,10.6,,,5.889322673,5.889322673,-7.9,,,-65,8.6,,,,,,,,,,,,,,,,-1.02,,,,,,,,,,,,,
ngc_6402,NGC_6402_M_14,264.4004167,-3.245916667,1.3,,,,,,,14.84241474,,9.3,,,3.516838443,3.516838443,-9.1,,,-66.1,1.8,,,,,,,,,,,,,,,,-1.28,,,,,,,,,,,,,
ngc_6426,NGC_6426,266.2277083,3.170138889,0.92,,,,,,,16.5693361,,20.6,,,5.512913331,5.512913331,-6.67,,,-162,23,,,,,,,,,,,,,,,,-2.15,,,,,,,,,,,,,
ngc_6440,NGC_6440,267.2195833,-20.36025,0.48,,,,,,,14.64709463,,8.5,,,1.186823891,1.186823891,-8.75,,,-76.6,2.7,,,,,,,,,,,,,,,,-0.36,,,,,,,,,,,,,
ngc_6441,NGC_6441,267.5544167,-37.05144444,0.57,,,,,,,15.32228995,,11.6,,,1.923352836,1.923352836,-9.63,,,16.5,1,18,0.2,,,,,,,,,,,,,,-0.46,,,,,,,,,,,,,
ngc_6453,NGC_6453,267.7154167,-34.59916667,0.44,,,,,,,15.32228995,,11.6,,,1.484693417,1.484693417,-7.22,,,-83.7,8.3,,,,,,,,,,,,,,,,-1.5,,,,,,,,,,,,,
ngc_6496,NGC_6496,269.7653333,-44.26594444,1.02,,,,,,,15.26539222,,11.3,,,3.352777493,3.352777493,-7.2,,,-112.7,5.7,,,,,,,,,,,,,,,,-0.46,,,,,,,,,,,,,
ngc_6517,NGC_6517,270.4605,-8.958777778,0.5,,,,,,,15.12652933,,10.6,,,1.541707506,1.541707506,-8.25,,,-39.6,8,,,,,,,,,,,,,,,,-1.23,,,,,,,,,,,,,
ngc_6522,NGC_6522,270.89175,-30.03397222,1,,,,,,,14.43245363,,7.7,,,2.239839207,2.239839207,-7.65,,,-21.1,3.4,6.7,0.7,,,,,,,,,,,,,,-1.34,,,,,,,,,,,,,
ngc_6528,NGC_6528,271.2068333,-30.05627778,0.38,,,,,,,14.48813546,,7.9,,,0.8732464024,0.8732464024,-6.57,,,206.6,1.4,,,,,,,,,,,,,,,,-0.11,,,,,,,,,,,,,
ngc_6535,NGC_6535,270.9604583,-0.2976388889,0.85,,,,,,,14.16254456,,6.8,,,1.681333846,1.681333846,-4.75,,,-215.1,0.5,2.4,0.5,,,,,,,,,,,,,,-1.79,,,,,,,,,,,,,
ngc_6539,NGC_6539,271.207,-7.585861111,1.7,,,,,,,14.46047301,,7.8,,,3.857177647,3.857177647,-8.29,,,31,1.7,,,,,,,,,,,,,,,,-0.63,,,,,,,,,,,,,
ngc_6540,NGC_6540_Djorg,271.5358333,-27.76527778,,,,,,,,13.62137935,,5.3,,,0,0,-6.35,,,-17.7,1.4,,,,,,,,,,,,,,,,-1.35,,,,,,,,,,,,,
ngc_6541,NGC_6541,272.0098333,-43.71488889,1.06,,,,,,,14.37530632,,7.5,,,2.312561259,2.312561259,-8.52,,,-158.7,2.3,8.2,2.1,,,,,,,,,,,,,,-1.81,,,,,,,,,,,,,
ngc_6544,NGC_6544,271.83575,-24.99733333,1.21,,,,,,,12.38560627,,3,,,1.055924197,1.055924197,-6.94,,,-27.3,3.9,,,,,,,,,,,,,,,,-1.4,,,,,,,,,,,,,
ngc_6553,NGC_6553,272.3233333,-25.90869444,1.03,,,,,,,13.89075625,,6,,,1.79768913,1.79768913,-7.77,,,-3.2,1.5,,,,,,,,,,,,,,,,-0.18,,,,,,,,,,,,,
ngc_6558,NGC_6558,272.5733333,-31.76388889,2.15,,,,,,,14.3461586,,7.4,,,4.6280314,4.6280314,-6.44,,,-197.2,1.5,3.1,0.9,,,,,,,,,,,,,,-1.32,,,,,,,,,,,,,
ngc_6569,NGC_6569,273.4116667,-31.82688889,0.8,,,,,,,15.18713249,,10.9,,,2.53654518,2.53654518,-8.28,,,-48.5,0.3,,,,,,,,,,,,,,,,-0.76,,,,,,,,,,,,,
ngc_6584,NGC_6584,274.6566667,-52.21577778,0.73,,,,,,,15.65166884,,13.5,,,2.866703296,2.866703296,-7.69,,,222.9,15,,,,,,,,,,,,,,,,-1.5,,,,,,,,,,,,,
ngc_6624,NGC_6624,275.9187917,-30.36102778,0.82,,,,,,,14.48813546,,7.9,,,1.884373816,1.884373816,-7.49,,,53.9,0.6,5.4,0.5,,,,,,,,,,,,,,-0.44,,,,,,,,,,,,,
ngc_6626,NGC_6626_M_28,276.1367083,-24.86977778,1.97,,,,,,,13.70181345,,5.5,,,3.151773741,3.151773741,-8.16,,,17,1,8.6,1.3,,,,,,,,,,,,,,-1.32,,,,,,,,,,,,,
ngc_6637,NGC_6637_M_69,277.84625,-32.34808333,0.84,,,,,,,14.72241336,,8.8,,,2.150245638,2.150245638,-7.64,,,39.9,2.8,,,,,,,,,,,,,,,,-0.64,,,,,,,,,,,,,
ngc_6638,NGC_6638,277.73375,-25.49747222,0.51,,,,,,,14.86563927,,9.4,,,1.394518072,1.394518072,-7.12,,,18.1,3.9,,,,,,,,,,,,,,,,-0.95,,,,,,,,,,,,,
ngc_6642,NGC_6642,277.9754167,-23.47519444,0.73,,,,,,,14.54242509,,8.1,,,1.720021978,1.720021978,-6.66,,,-57.2,5.4,,,,,,,,,,,,,,,,-1.26,,,,,,,,,,,,,
ngc_6652,NCG_6652,278.940125,-32.99072222,0.48,,,,,,,15,,10,,,1.396263402,1.396263402,-6.66,,,-111.7,5.8,,,,,,,,,,,,,,,,-0.81,,,,,,,,,,,,,
ngc_6656,NGC_6656_M_22,279.09975,-23.90475,3.36,,,,,,,12.52574989,,3.2,,,3.12763002,3.12763002,-8.5,,,-146.3,0.2,7.8,0.3,,,,,,,,,,,,,,-1.7,,,,,,,,,,,,,
ngc_6681,NGC_6681_M_70,280.8031667,-32.29211111,0.71,,,,,,,14.77121255,,9,,,1.858775653,1.858775653,-7.12,,,220.3,0.9,5.2,0.5,,,,,,,,,,,,,,-1.62,,,,,,,,,,,,,
ngc_6712,NGC_6712,283.2679167,-8.706111111,1.33,,,,,,,14.19424545,,6.9,,,2.669481091,2.669481091,-7.5,,,-107.6,0.5,4.3,0.4,,,,,,,,,,,,,,-1.02,,,,,,,,,,,,,
ngc_6715,NGC_6715_M_54,283.763875,-30.47986111,0.82,,,,,,,17.11622937,,26.5,,,6.321000774,6.321000774,-9.98,,,141.3,0.3,10.5,0.3,,,,,,,,,,,,,,-1.49,,,,,,,,,,,,,
ngc_6717,NGC_6717_Pal9,283.7751667,-22.70147222,0.68,,,,,,,14.25629174,,7.1,,,1.404408271,1.404408271,-5.66,,,22.8,3.4,,,,,,,,,,,,,,,,-1.26,,,,,,,,,,,,,
ngc_6723,NGC_6723,284.888125,-36.63225,1.53,,,,,,,14.69759626,,8.7,,,3.872012946,3.872012946,-7.83,,,-94.5,3.6,,,,,,,,,,,,,,,,-1.1,,,,,,,,,,,,,
ngc_6749,NGC_6749,286.31375,1.900833333,1.1,,,,,,,14.48813546,,7.9,,,2.527818533,2.527818533,-6.7,,,-61.7,2.9,,,,,,,,,,,,,,,,-1.6,,,,,,,,,,,,,
ngc_6752,NGC_6752,287.717125,-59.98455556,1.91,,,,,,,13.01029996,,4,,,2.222385914,2.222385914,-7.73,,,-26.7,0.2,4.9,0.4,,,,,,,,,,,,,,-1.54,,,,,,,,,,,,,
ngc_6760,NGC_6760,287.8000417,1.030472222,1.27,,,,,,,14.3461586,,7.4,,,2.733767385,2.733767385,-7.84,,,-27.5,6.3,,,,,,,,,,,,,,,,-0.4,,,,,,,,,,,,,
ngc_6779,NGC_6779_M_56,289.1482083,30.18347222,1.1,,,,,,,14.86563927,,9.4,,,3.007784078,3.007784078,-7.41,,,-135.6,0.9,4,0.6,,,,,,,,,,,,,,-1.98,,,,,,,,,,,,,
ngc_6809,NGC_6809_M_55,294.9987917,-30.96475,2.83,,,,,,,13.6619688,,5.4,,,4.445353605,4.445353605,-7.57,,,174.7,0.3,4,0.3,,,,,,,,,,,,,,-1.94,,,,,,,,,,,,,
ngc_6838,NGC_6838_M_71,298.4437083,18.77919444,1.67,,,,,,,13.01029996,,4,,,1.943133234,1.943133234,-5.61,,,-22.8,0.2,2.3,0.2,,,,,,,,,,,,,,-0.78,,,,,,,,,,,,,
ngc_6864,NGC_6864_M_75,301.5195417,-21.92116667,0.46,,,,,,,16.60073143,,20.9,,,2.796599238,2.796599238,-8.57,,,-189.3,3.6,10.3,1.5,,,,,,,,,,,,,,-1.29,,,,,,,,,,,,,
ngc_6934,NGC_6934,308.547375,7.404472222,0.69,,,,,,,15.96562299,,15.6,,,3.131120678,3.131120678,-7.45,,,-411.4,1.6,5.1,1.1,,,,,,,,,,,,,,-1.47,,,,,,,,,,,,,
ngc_6981,NGC_6981_M_72,313.3654167,-12.53730556,0.93,,,,,,,16.15224461,,17,,,4.598942579,4.598942579,-7.04,,,-345,3.7,,,,,,,,,,,,,,,,-1.42,,,,,,,,,,,,,
ngc_7006,NGC_7006,315.3724167,16.18733333,0.44,,,,,,,18.07448608,,41.2,,,5.273221447,5.273221447,-7.67,,,-384.1,0.4,,,,,,,,,,,,,,,,-1.52,,,,,,,,,,,,,
ngc_7078,NGC_7078_M_15,322.4930417,12.167,1,,,,,,,15.0851667,,10.4,,,3.02523737,3.02523737,-9.19,,,-107,0.2,13.5,0.9,,,,,,,,,,,,,,-2.37,,,,,,,,,,,,,
ngc_7089,NGC_7089_M_2,323.3625833,-0.82325,1.06,,,,,,,15.3034892,,11.5,,,3.545927264,3.545927264,-9.03,,,-5.3,2,8.2,0.6,,,,,,,,,,,,,,-1.65,,,,,,,,,,,,,
ngc_7099,NGC_7099_M_30,325.0921667,-23.17986111,1.03,,,,,,,14.54242509,,8.1,,,2.426880325,2.426880325,-7.45,,,-184.2,0.2,5.5,0.4,,,,,,,,,,,,,,-2.27,,,,,,,,,,,,,
ngc_7492,NGC_7492,347.1109583,-15.6115,1.15,,,,,,,17.09977874,,26.3,,,8.797913871,8.797913871,-5.81,,,-177.5,0.6,1.2,1,,,,,,,,,,,,,,-1.78,,,,,,,,,,,,,
palomar_1,Pal_1,53.3335,79.58105556,0.46,,,,,,,15.22661489,,11.1,,,1.485275193,1.485275193,-2.52,,,-82.8,3.3,,,,,,,,,,,,,,,,-0.65,,,,,,,,,,,,,
palomar_10,Pal_10,289.50875,18.57166667,0.99,,,,,,,13.85426006,,5.9,,,1.699078027,1.699078027,-5.79,,,-31.7,0.4,,,,,,,,,,,,,,,,-0.1,,,,,,,,,,,,,
palomar_11,Pal_11,296.31,-8.007222222,1.46,,,,,,,15.63552399,,13.4,,,5.690936914,5.690936914,-6.92,,,-68,10,,,,,,,,,,,,,,,,-0.4,,,,,,,,,,,,,
palomar_12,Pal_12,326.6618333,-21.25261111,1.72,,,,,,,16.393768,,19,,,9.506226659,9.506226659,-4.47,,,27.8,1.5,,,,,,,,,,,,,,,,-0.85,,,,,,,,,,,,,
palomar_13,Pal_13,346.6851667,12.772,0.36,,,,,,,17.07486674,,26,,,2.722713633,2.722713633,-3.76,,,25.2,0.3,0.9,0.3,,,,,,,,,,,,,,-1.88,,,,,,,,,,,,,
palomar_14,Pal_14,242.7525,14.95777778,1.22,,,,,,,19.41830718,,76.5,,,27.14859651,27.14859651,-4.8,,,72.3,0.2,0.4,0.1,,,,,,,,,,,,,,-1.62,,,,,,,,,,,,,
palomar_15,Pal_15,254.9625,-0.5388888889,1.1,,,,,,,18.27088271,,45.1,,,14.43096403,14.43096403,-5.51,,,68.9,1.1,,,,,,,,,,,,,,,,-2.07,,,,,,,,,,,,,
palomar_2,Pal_2,71.524625,31.3815,0.5,,,,,,,17.17284452,,27.2,,,3.956079638,3.956079638,-7.97,,,-133,57,,,,,,,,,,,,,,,,-1.42,,,,,,,,,,,,,
palomar_3,Pal_3,151.3829167,0.07166666667,0.65,,,,,,,19.83070866,,92.5,,,17.48965355,17.48965355,-5.69,,,83.4,8.4,,,,,,,,,,,,,,,,-1.63,,,,,,,,,,,,,
palomar_4,Pal_4,172.32,28.97358333,0.51,,,,,,,20.18114772,,108.7,,,16.12596962,16.12596962,-6.01,,,74.5,2.1,,,,,,,,,,,,,,,,-1.41,,,,,,,,,,,,,
palomar_5,Pal_5,229.021875,-0.1116111111,2.73,,,,,,,16.82743992,,23.2,,,18.42369558,18.42369558,-5.17,,,-58.7,0.2,1.1,0.2,,,,,,,,,,,,,,-1.41,,,,,,,,,,,,,
palomar_6,Pal_6,265.9258333,-26.2225,1.2,,,,,,,13.81713997,,7.67,0.19,Souza2021A&A...656A..78S,2.677335073,2.677335073,-6.79,,,174.3,1.6,,,Souza2021A&A...656A..78S,,,,,,,,,,,,,-1.1,0.09,Souza2021A&A...656A..78S,,,,,,,,12.5,0.9,Souza2021A&A...656A..78S,
palomar_8,Pal_8,280.3745833,-19.82583333,0.58,,,,,,,15.53604985,,12.8,,,2.159554061,2.159554061,-5.51,,,-43,15,,,,,,,,,,,,,,,,-0.37,,,,,,,,,,,,,
pyxis_1,Pyxis,136.9908333,-37.22138889,,,,,,,,17.97748111,,39.4,,,0,0,-5.73,,,34.3,1.9,,,,,,,,,,,,,,,,-1.2,,,,,,,,,,,,,
rup106,Rup_106,189.6675,-51.15027778,1.05,,,,,,,16.6316793,,21.2,,,6.475171525,6.475171525,-6.35,,,-44,3,,,,,,,,,,,,,,,,-1.68,,,,,,,,,,,,,
terzan_1,Terzan_1_HP_2,263.9466667,-30.48177778,3.82,,,,,,,14.13037401,,6.7,,,7.444992813,7.444992813,-4.41,,,114,14,,,,,,,,,,,,,,,,-1.03,,,,,,,,,,,,,
terzan_10,Terzan_10,270.9016667,-26.0725,1.55,,,,,,,13.81713997,,5.8,,,2.615084996,2.615084996,-6.35,,,,,,,,,,,,,,,,,,,,-1,,,,,,,,,,,,,
terzan_12,Terzan_12,273.0658333,-22.74194444,0.75,,,,,,,13.40620619,,4.8,,,1.047197551,1.047197551,-4.14,,,94.1,1.5,,,,,,,,,,,,,,,,-0.5,,,,,,,,,,,,,
terzan_2,Terzan_2_HP_3,261.8879167,-30.80233333,1.52,,,,,,,14.37530632,,7.5,,,3.316125579,3.316125579,-5.88,,,109,15,,,,,,,,,,,,,,,,-0.69,,,,,,,,,,,,,
terzan_3,Terzan_3,247.167,-35.35347222,1.25,,,,,,,14.56906926,,8.2,,,2.981604139,2.981604139,-4.82,,,-136.3,0.7,,,,,,,,,,,,,,,,-0.74,,,,,,,,,,,,,
terzan_4,Terzan_4_HP_4,262.6625,-31.59552778,1.85,,,,,,,14.28666248,,7.2,,,3.874630939,3.874630939,-4.48,,,-50,2.9,,,,,,,,,,,,,,,,-1.41,,,,,,,,,,,,,
terzan_5,Terzan_5_11,267.0193333,-24.77961111,0.72,,,,,,,13.85426006,,5.9,,,1.23569311,1.23569311,-9.12,,,-93,2,,,,,,-1.979,0.058,-5.199,0.054,Vasiliev2021MNRAS.505.5978V,,,,,,-0.34,,,,,,,,,,,,,
terzan_6,Terzan_6_HP_5,267.69325,-31.27538889,0.44,,,,,,,14.16254456,,6.8,,,0.8703375203,0.8703375203,-7.59,,,126,15,,,,,,,,,,,,,,,,-0.56,,,,,,,,,,,,,
terzan_7,Terzan_7,289.433,-34.65772222,0.77,,,,,,,16.78967424,,22.8,,,5.106833391,5.106833391,-5.01,,,166,4,,,,,,,,,,,,,,,,-0.32,,,,,,,,,,,,,
terzan_8,Terzan_8,295.4350417,-33.99947222,0.95,,,,,,,17.09977874,,26.3,,,7.267841894,7.267841894,-5.07,,,130,8,,,,,,,,,,,,,,,,-2.16,,,,,,,,,,,,,
terzan_9,Terzan_9,270.4116667,-26.83972222,0.78,,,,,,,14.25629174,,7.1,,,1.6109389,1.6109389,-3.71,,,59,10,,,,,,,,,,,,,,,,-1.05,,,,,,,,,,,,,
ton_2,Ton2_Pismis26,264.04375,-38.55333333,1.3,,,,,,,14.56906926,,8.2,,,3.100868304,3.100868304,-6.17,,,-184.4,2.2,,,,,,,,,,,,,,,,-0.7,,,,,,,,,,,,,
uks_1,UKS_1,268.6133333,-24.14527778,,,,,,,,14.46047301,,7.8,,,0,0,-6.91,,,57,6,,,,,,,,,,,,,,,,-0.64,,,,,,,,,,,,,
whiting_1,Whiting_1,30.7375,-3.252777778,0.22,,,,,,,17.39283248,,30.1,,,1.926261718,1.926261718,-2.46,,,-130.6,1.8,,,,,,,,,,,,,,,,-0.7,,,,,,,,,,,,,